Customer ID:7200005483
Total Number of Instructions Received Today: 9
"Country Code","Debtor Account No.","File Upload Date","File Reference","Batch Reference","Customer Reference","CFTS Reference","PAS Reference/AFT CUST ID","Auth Type","Value Date","Txn Type","Txn Currency","Txn Amount","Beneficiary Account No.","Beneficiary Name","Status Code","Status Description"
"","","20240902","FR2024043048927546217923371X","","","","","P","","","","","","","105","Duplicate File Reference"
"","","20240902","FR2024043048927546217923371X","","","","","P","","","","","","","105","Duplicate File Reference"
"","","20240902","FR2024043048927546217923371X","","","","","P","","","","","","","105","Duplicate File Reference"
"","","20240902","FR2024043048927546217923371X","","","","","P","","","","","","","105","Duplicate File Reference"
"HK","01287520107723","20240902","FR202404304892754621792337AA","","","CFI92960157655","0902CFIA100638","P","20240923","APO","","300.00","01287520035213","HO TAI MAN","300","Instruction Accepted"
"HK","01287520107723","20240902","FR202404304892754621792337AA","","","CFI92960157656","0902CFIA100638","P","20240923","APO","","500.00","01287520034964","LI MEI SHAN","300","Instruction Accepted"
"HK","01287520138460","20240902","FR202404304892754621792337AA","","","CFI92960157657","0902CFIA100640","P","20240923","APO","","200.28","01287520035214","HO TAI MAN","300","Instruction Accepted"
"HK","01287520138460","20240902","FR202404304892754621792337AA","","","CFI92960157658","0902CFIA100640","P","20240923","APO","","100.00","01287520034964","LI MEI SHAN","300","Instruction Accepted"
"","","20240902","FR202404304892754621792337AA","","","","","P","","","","","","","105","Duplicate File Reference"

Total Number of Instructions Processed Today: 4
"Country Code","Debtor Account No.","File Upload Date","File Reference","Batch Reference","Customer Reference","CFTS Reference","PAS Reference/AFT CUST ID","Auth Type","Value Date","Txn Type","Txn Currency","Txn Amount","Beneficiary Account No.","Beneficiary Name","Status Code","Status Description"
"HK","01287520107723","20240829","FR2024043048927546217921018D","","","CFI92910155296","0829CFIA100637","P","20240902","APO","","1000.74","01287520035213","HO TAI MAN","500","Instruction Executed"
"HK","01287520107723","20240829","FR2024043048927546217921018D","","","CFI92910155297","0829CFIA100637","P","20240902","APO","","1735.83","01287520034964","LI MEI SHAN","500","Instruction Executed"
"HK","01287520138460","20240829","FR2024043048927546217921018D","","","CFI92910155298","0829CFIA100636","P","20240902","APO","","3127.34","01287520035213","HO TAI MAN","500","Instruction Executed"
"HK","01287520138460","20240829","FR2024043048927546217921018D","","","CFI92910155299","0829CFIA100636","P","20240902","APO","","2834.45","01287520034964","LI MEI SHAN","500","Instruction Executed"

Total Number of Outstanding Instructions: 6
"Country Code","Debtor Account No.","File Upload Date","File Reference","Batch Reference","Customer Reference","CFTS Reference","PAS Reference/AFT CUST ID","Auth Type","Value Date","Txn Type","Txn Currency","Txn Amount","Beneficiary Account No.","Beneficiary Name","Status Code","Status Description"
"HK","01287520138460","20240318","FR2024022648927546217923379A","","","CFI92620152330","0318CFIA100607","P","20240329","APO","","3600.00","01287520035213","HO TAI MAN","502","Forward Dated"
"HK","01287520138460","20240318","FR2024022648927546217923379B","","","CFI92620152331","0318CFIA100615","P","20240329","APO","","3800.00","01287520035213","HO TAI MAN","502","Forward Dated"
"HK","01287520107723","20240902","FR202404304892754621792337AA","","","CFI92960157655","0902CFIA100638","P","20240923","APO","","300.00","01287520035213","HO TAI MAN","502","Forward Dated"
"HK","01287520107723","20240902","FR202404304892754621792337AA","","","CFI92960157656","0902CFIA100638","P","20240923","APO","","500.00","01287520034964","LI MEI SHAN","502","Forward Dated"
"HK","01287520138460","20240902","FR202404304892754621792337AA","","","CFI92960157657","0902CFIA100640","P","20240923","APO","","200.28","01287520035214","HO TAI MAN","502","Forward Dated"
"HK","01287520138460","20240902","FR202404304892754621792337AA","","","CFI92960157658","0902CFIA100640","P","20240923","APO","","100.00","01287520034964","LI MEI SHAN","502","Forward Dated"

"* Instruction authorized by CIB, refer to relevant product report on V+1 day of latest status"
"^ Instruction authorized by CIB, refer to relevant product report on V day of latest status"
